<?xml version="1.0" encoding="utf-8"?>
<GameProfile xmlns:xsd="http://www.w3.org/2001/XMLSchema" xmlns:xsi="http://www.w3.org/2001/XMLSchema-instance">
  <Name>Horizon Forbidden West</Name>
  <Screens>
    <Screen>
      <Name>Game</Name>
      <Geometry>
        <Width>1920</Width>
        <Height>1080</Height>
      </Geometry>

      <WatchZones>
        <WatchZone>
          <Name>ResumeButton</Name>
          <Geometry>
            <X>101</X>
            <Y>681</Y>
            <Width>117</Width>
            <Height>30</Height>
          </Geometry>
          <Watches>
            <Watcher>
              <Name>ResumeButton</Name>
              <ErrorMetric>PeakAbsolute</ErrorMetric>
              <WatchImages>
                <WatchImage>
                  <FilePath>imgs\ResumeButton.png</FilePath>
                </WatchImage>
              </WatchImages>
            </Watcher>
          </Watches>
        </WatchZone>

        <WatchZone>
          <Name>MiddleWatchZone</Name>
          <Geometry>
            <X>943</X>
            <Y>284</Y>
            <Width>34</Width>
            <Height>34</Height>
          </Geometry>
          <Watches>

            <Watcher>
              <Name>otherYellowIcon</Name>
              <ErrorMetric>PeakAbsolute</ErrorMetric>
              <WatchImages>
                <WatchImage>
                  <FilePath>imgs\otherYellowIcon.png</FilePath>
                </WatchImage>
              </WatchImages>
            </Watcher>

            <Watcher>
              <Name>yellowExclamationMark</Name>
              <ErrorMetric>PeakAbsolute</ErrorMetric>
              <WatchImages>
                <WatchImage>
                  <FilePath>imgs\yellowExclamationMark.png</FilePath>
                </WatchImage>
              </WatchImages>
            </Watcher>

            <Watcher>
              <Name>BlackSquareMiddle</Name>
              <ErrorMetric>PeakAbsolute</ErrorMetric>
              <WatchImages>
                <WatchImage>
                  <FilePath>imgs\BlackSquare.png</FilePath>
                </WatchImage>
              </WatchImages>
            </Watcher>

          </Watches>
        </WatchZone>

        <WatchZone>
          <Name>ConfirmFT</Name>
          <Geometry>
            <X>1139</X>
            <Y>660</Y>
            <Width>91</Width>
            <Height>19</Height>
          </Geometry>
          <Watches>
            <Watcher>
              <Name>ConfirmFT</Name>
              <ErrorMetric>PeakAbsolute</ErrorMetric>
              <WatchImages>
                <WatchImage>
                  <FilePath>imgs\ConfirmFT.png</FilePath>
                </WatchImage>
              </WatchImages>
            </Watcher>
          </Watches>
        </WatchZone>

        <WatchZone>
          <Name>BR</Name>
          <Geometry>
            <X>1790</X>
            <Y>976</Y>
            <Width>34</Width>
            <Height>34</Height>
          </Geometry>
          <Watches>
            <Watcher>
              <Name>BlackSquareBR</Name>
              <ErrorMetric>PeakAbsolute</ErrorMetric>
              <WatchImages>
                <WatchImage>
                  <FilePath>imgs\BlackSquare.png</FilePath>
                </WatchImage>
              </WatchImages>
            </Watcher>
          </Watches>
        </WatchZone>

      </WatchZones>
    </Screen>
  </Screens>
</GameProfile>